{"accuracy": 0.8308943089430895, "savings": 0.5124336626519668}