{"accuracy": 0.8308943089430895, "savings": 0.5917687497714552}